epoch, batch, loss, loss_f, loss_e, f_rmse, f_mae, e_mae
    1,     1,           121.83,          0.95116,           26.712,           20.136,           16.295,            106.7
    1,     2,           216.81,           2.0313,           13.674,           29.426,           21.345,           76.344
    1,     3,           113.32,           1.0445,           8.8668,           21.101,           16.135,           61.484
    1,     4,           156.84,           1.5326,           3.5763,            25.56,           17.711,           39.047
    1,     5,           87.192,          0.86507,          0.68482,           19.203,           12.911,           17.078
    1,     6,           55.049,           0.5492,          0.12896,           15.301,           10.628,           7.4219
    1,     7,           63.264,          0.60347,           2.9164,           16.039,           12.075,           35.266
    1,     8,           81.764,          0.75089,           6.6753,           17.891,             11.6,           53.344
    1,     9,           67.224,          0.56335,           10.889,           15.497,           11.188,           68.125
    1,    10,           76.019,          0.63642,           12.377,           16.471,           11.649,           72.641
    1,    11,           61.162,          0.50981,           10.181,           14.742,           10.423,           65.875
    1,    12,           47.289,          0.38961,           8.3279,           12.887,           9.6676,           59.578
    1,    13,           97.363,          0.90375,            6.988,           19.628,            13.87,           54.578
    1,    14,           121.28,           1.1591,           5.3641,           22.229,           15.619,           47.812
    1,    15,           65.717,          0.61303,           4.4136,           16.165,            11.42,           43.375
    1,    16,           43.648,          0.39656,           3.9924,           13.002,           9.3495,            41.25
    1,    17,           44.051,          0.40167,           3.8832,           13.085,           9.3997,           40.688
    1,    18,            39.78,          0.35813,            3.967,           12.356,             10.2,           41.125
    1,    19,           58.052,          0.54807,           3.2444,           15.285,           12.186,           37.188
    1,    20,           81.043,          0.76701,           4.3423,           18.082,           13.452,           43.031
    1,    21,           50.084,          0.46335,           3.7493,           14.054,           10.659,           39.984
    1,    22,            41.19,          0.36967,           4.2236,           12.553,           9.9515,           42.438
    1,    23,           63.173,          0.58302,            4.871,           15.765,           12.589,           45.562
    1,    24,            41.05,          0.36612,           4.4378,           12.493,           9.1321,             43.5
    1,    25,           31.196,          0.27748,           3.4479,           10.876,           7.9073,           38.344
    2,     1,           32.437,          0.29317,           3.1199,           11.179,           9.5308,           36.469
    2,     2,           32.162,          0.29509,           2.6525,           11.216,           8.6702,           33.625
    2,     3,           59.251,          0.56269,           2.9819,           15.488,           11.362,           35.656
    2,     4,           50.536,          0.47676,           2.8598,           14.256,           11.214,           34.922
    2,     5,           29.698,          0.27817,           1.8817,           10.889,           7.3433,           28.328
    2,     6,            46.73,          0.44577,           2.1535,           13.785,           10.157,           30.297
    2,     7,           23.622,          0.22271,           1.3503,           9.7437,           6.4794,           23.984
    2,     8,            14.94,           0.1339,           1.5507,           7.5549,            6.166,           25.703
    2,     9,           31.172,          0.29796,           1.3763,            11.27,           8.5513,           24.219
    2,    10,           15.378,          0.14648,          0.72988,           7.9019,            6.365,           17.641
    2,    11,           29.544,          0.28963,           0.5813,           11.111,           8.3732,           15.734
    2,    12,           21.103,          0.20749,          0.35361,           9.4047,           6.9921,           12.281
    2,    13,           21.512,          0.21389,          0.12295,           9.5486,           7.0482,           7.2344
    2,    14,           10.151,          0.10096,         0.054334,           6.5604,           5.1713,           4.8125
    2,    15,           10.309,          0.10304,        0.0041712,           6.6277,           5.1398,           1.3281
    2,    16,            23.76,          0.23759,       0.00084867,           10.064,           7.1788,          0.59375
    2,    17,           16.382,          0.16381,       0.00072427,           8.3564,           6.4815,           0.5625
    2,    18,           26.881,          0.26862,         0.018543,           10.701,           7.7283,           2.8125
    2,    19,           14.165,          0.14134,         0.031698,            7.762,           6.4966,           3.6719
    2,    20,           14.201,          0.14039,          0.16182,            7.736,           6.4724,           8.3125
    2,    21,           31.769,           0.3147,          0.29858,           11.582,           8.9817,           11.281
    2,    22,           9.5207,         0.094429,         0.077856,           6.3445,           4.9238,           5.7656
    2,    23,           16.877,          0.16859,         0.017699,           8.4774,           6.4207,             2.75
    2,    24,            10.32,          0.10313,        0.0069465,           6.6304,           5.5556,           1.7188
    2,    25,           18.651,          0.18571,         0.080409,           8.8973,           7.0605,           5.8594
    3,     1,           8.4171,         0.081487,          0.26841,           5.8938,           4.7415,           10.703
    3,     2,           15.921,          0.15663,          0.25788,           8.1712,           5.5324,           10.484
    3,     3,           6.7927,         0.065951,          0.19763,           5.3022,           4.1975,           9.1719
    3,     4,           7.7434,          0.07691,         0.052421,           5.7259,           4.0739,           4.7344
    3,     5,           9.1681,         0.091664,        0.0016265,            6.251,           4.7648,          0.82812
    3,     6,           14.596,           0.1457,         0.025766,            7.881,           5.7765,           3.3125
    3,     7,            13.86,          0.13856,         0.004678,           7.6853,           6.3451,           1.4062
    3,     8,           27.609,          0.27598,         0.010751,           10.846,           7.4454,           2.1406
    3,     9,           13.546,          0.13546,        9.705e-05,            7.599,            6.044,          0.20312
    3,    10,           12.134,          0.12114,         0.020562,            7.186,           5.6801,           2.9531
    3,    11,           5.6696,         0.056644,        0.0052127,           4.9139,           3.8799,           1.4844
    3,    12,           9.3468,         0.093468,       8.6291e-06,           6.3122,           4.8373,           0.0625
    3,    13,           19.341,          0.19339,        0.0013454,           9.0796,           6.8162,             0.75
    3,    14,               18,          0.17971,         0.028804,           8.7527,           6.5714,              3.5
    3,    15,           8.6653,         0.085914,         0.073878,           6.0517,           4.5432,           5.6094
    3,    16,           12.356,          0.12323,         0.033015,           7.2477,           5.2838,             3.75
    3,    17,           7.7294,         0.076955,         0.033837,           5.7275,           4.3626,           3.7969
    3,    18,           12.936,          0.12936,       2.4954e-05,           7.4258,           5.3004,          0.10938
    3,    19,           19.287,          0.19286,        0.0016106,            9.067,            7.058,          0.82812
    3,    20,           18.954,          0.18954,       7.9915e-05,           8.9887,           7.1466,           0.1875
    3,    21,           26.371,            0.263,         0.071333,           10.588,           8.0393,           5.5156
    3,    22,            17.09,          0.16886,           0.2041,           8.4843,           5.9672,           9.3281
    3,    23,           9.4544,          0.09289,           0.1654,           6.2926,           5.1558,           8.3906
    3,    24,           16.291,          0.16284,        0.0077014,           8.3315,           6.5949,           1.8125
    3,    25,           18.601,          0.18511,         0.090976,            8.883,           6.5885,           6.2344
    4,     1,           13.944,           0.1333,          0.61353,           7.5382,           5.5454,           16.172
    4,     2,           14.092,          0.13566,          0.52613,           7.6045,             5.68,           14.969
    4,     3,           25.326,           0.2516,          0.16575,           10.356,           7.5272,           8.4062
    4,     4,           16.575,          0.16515,         0.059688,           8.3906,            6.355,           5.0469
    4,     5,           8.4913,         0.076748,           0.8165,           5.7198,           4.5622,           18.656
    4,     6,           7.5381,         0.052538,           2.2842,           4.7325,           3.9357,           31.203
    4,     7,           11.633,          0.08973,           2.6598,           6.1847,           4.4536,           33.672
    4,     8,           9.2794,         0.075083,           1.7711,           5.6574,           4.2762,           27.484
    4,     9,           20.563,          0.20115,          0.44798,           9.2599,           6.9436,           13.812
    4,    10,           10.705,          0.10705,       0.00073044,           6.7552,           5.3119,           0.5625
    4,    11,           11.277,          0.11017,          0.25944,            6.853,           5.0463,           10.516
    4,    12,           11.199,          0.10851,          0.34784,           6.8011,           5.4594,           12.172
    4,    13,           12.904,          0.12367,          0.53739,           7.2607,           4.9261,           15.141
    4,    14,           6.7904,         0.063326,          0.45785,           5.1956,           3.9109,           13.969
    4,    15,           9.7179,          0.09484,          0.23382,           6.3584,           5.2726,           9.9844
    4,    16,           19.003,          0.18998,        0.0049251,           8.9993,            6.751,           1.4531
    4,    17,           10.261,          0.10259,        0.0021383,           6.6131,           5.3103,          0.95312
    4,    18,           15.344,          0.15242,          0.10176,           8.0607,           6.2064,           6.5938
    4,    19,           7.4829,         0.072793,          0.20368,           5.5705,           4.5868,           9.3125
    4,    20,           5.0791,         0.049426,          0.13653,           4.5901,           3.7712,            7.625
    4,    21,           13.901,          0.13888,         0.012414,           7.6943,           5.1152,           2.2969
    4,    22,           6.2363,          0.06219,         0.017317,           5.1488,           4.0158,           2.7188
    4,    23,           11.203,          0.11139,         0.064227,           6.8909,           5.6623,           5.2344
    4,    24,           9.3255,           0.0927,         0.055439,           6.2862,           4.8139,           4.8594
    4,    25,           5.4545,         0.054545,       4.2151e-08,            4.822,           4.0192,                0
    5,     1,           9.8729,         0.097201,          0.15277,            6.437,           4.7291,           8.0625
    5,     2,           7.3038,           0.0653,          0.77385,            5.276,           4.0732,           18.156
    5,     3,           9.3788,         0.081147,           1.2641,           5.8815,           4.4428,           23.219
    5,     4,           16.972,          0.15498,           1.4735,           8.1281,           6.8309,           25.062
    5,     5,           12.699,           0.1236,          0.33959,           7.2586,           5.5593,           12.031
    5,     6,           14.914,          0.14913,        0.0011569,           7.9731,           5.7583,          0.70312
    5,     7,           19.419,          0.19224,          0.19478,           9.0526,            6.164,           9.1094
    5,     8,           14.194,          0.13823,          0.37125,           7.6762,           5.2086,           12.578
    5,     9,           9.0005,         0.087394,          0.26106,           6.1036,           4.6658,           10.547
    5,    10,           6.7908,         0.067044,         0.086328,            5.346,           3.9645,           6.0625
    5,    11,           6.8121,            0.068,         0.012141,            5.384,           3.8423,           2.2812
    5,    12,           10.575,          0.10564,         0.010359,           6.7107,           5.0201,           2.0938
    5,    13,           9.3904,         0.093334,         0.056932,           6.3077,           4.6571,           4.9219
    5,    14,           8.9521,         0.088221,          0.13002,           6.1324,           3.9781,           7.4375
    5,    15,           10.721,          0.10285,          0.43539,           6.6215,           5.4542,           13.625
    5,    16,           6.8151,         0.066132,          0.20188,           5.3095,           4.4276,           9.2812
    5,    17,           9.8563,         0.097907,         0.065689,           6.4603,           5.1228,           5.2969
    5,    18,           8.2749,         0.082715,        0.0033537,            5.938,           4.8312,           1.2031
    5,    19,           4.1442,         0.040063,          0.13784,           4.1326,           3.3885,           7.6719
    5,    20,           7.6913,         0.074752,           0.2161,           5.6449,            4.566,           9.5938
    5,    21,           5.5763,          0.05465,          0.11133,           4.8266,           3.8505,           6.8906
    5,    22,           3.1155,         0.030927,         0.022853,           3.6309,           2.7714,            3.125
    5,    23,           4.0119,          0.03988,         0.023885,           4.1231,           3.3878,           3.1875
    5,    24,           6.3075,         0.061935,            0.114,           5.1383,           4.0732,           6.9688
    5,    25,           5.9395,         0.058729,         0.066532,           5.0035,           4.2866,           5.3281
    6,     1,           6.4852,         0.064768,        0.0084548,           5.2545,           3.9836,           1.9062
    6,     2,           6.0414,         0.059902,         0.051206,           5.0532,           3.9539,           4.6719
    6,     3,           5.7955,         0.057793,         0.016189,           4.9635,           3.9641,            2.625
    6,     4,           8.7344,         0.087302,        0.0042105,           6.1004,           4.6882,           1.3438
    6,     5,           3.1106,         0.029795,           0.1311,           3.5638,           2.8851,           7.4688
    6,     6,           5.1297,         0.048388,          0.29091,           4.5417,           3.7572,           11.141
    6,     7,           5.0342,         0.044874,          0.54675,           4.3737,           3.4968,           15.266
    6,     8,           10.435,         0.099528,          0.48236,           6.5136,           5.4028,           14.344
    6,     9,           5.6313,         0.055559,         0.075459,           4.8666,           3.4632,           5.6719
    6,    10,           6.2729,         0.062719,       0.00094812,           5.1707,           4.0375,          0.64062
    6,    11,           3.8244,         0.037971,         0.027317,           4.0232,           3.2775,           3.4062
    6,    12,           9.3027,         0.092807,          0.02204,           6.2898,           4.8227,           3.0625
    6,    13,            5.615,          0.05604,         0.011057,           4.8876,           4.0265,           2.1719
    6,    14,           13.869,          0.13851,         0.018186,           7.6839,           5.9793,           2.7812
    6,    15,           6.9564,         0.069487,        0.0077004,           5.4425,            4.236,           1.8125
    6,    16,           3.5705,         0.035554,         0.015056,           3.8931,           2.9709,           2.5312
    6,    17,           8.0428,         0.079864,         0.056384,           5.8348,           4.2552,           4.9062
    6,    18,           4.2234,         0.041415,         0.081923,           4.2017,           3.5073,           5.9062
    6,    19,           5.1454,         0.049178,          0.22758,           4.5786,            3.248,           9.8438
    6,    20,           16.344,          0.16287,         0.056064,           8.3325,           6.1864,           4.8906
    6,    21,           2.9909,         0.029391,         0.051738,           3.5396,           2.6015,           4.7031
    6,    22,           6.9448,         0.069441,       0.00067604,           5.4407,           3.9435,          0.53125
    6,    23,           5.5332,         0.054397,         0.093486,           4.8154,           3.6582,           6.3125
    6,    24,           8.2436,         0.080245,          0.21917,           5.8487,           4.6341,           9.6719
    6,    25,           6.3097,         0.061142,          0.19541,           5.1053,           4.1551,            9.125
    7,     1,           4.6871,         0.046412,         0.045942,            4.448,           3.5138,           4.4219
    7,     2,           5.8865,          0.05877,        0.0094861,           5.0053,            3.791,           2.0156
    7,     3,           2.7004,         0.026206,         0.079872,           3.3423,           2.5679,           5.8281
    7,     4,           8.2259,         0.081578,         0.068104,            5.897,           4.5186,           5.3906
    7,     5,           2.6553,         0.026239,           0.0314,           3.3444,           2.8832,           3.6562
    7,     6,           4.6145,         0.046092,        0.0053001,           4.4326,           3.1946,              1.5
    7,     7,           6.7979,         0.067248,         0.073059,           5.3541,           3.7623,           5.5781
    7,     8,           3.5329,         0.033174,          0.21542,           3.7605,           2.9469,           9.5781
    7,     9,           7.0244,         0.068492,          0.17514,           5.4034,           3.8054,           8.6406
    7,    10,            2.199,         0.020957,          0.10328,           2.9889,           2.2279,           6.6406
    7,    11,           2.5063,         0.024627,         0.043581,           3.2401,           2.6913,           4.3125
    7,    12,           4.1483,         0.041467,        0.0015699,           4.2044,           3.3201,           0.8125
    7,    13,           4.8307,         0.048076,         0.023042,            4.527,            3.471,           3.1406
    7,    14,            3.188,         0.031115,         0.076454,            3.642,           2.8111,           5.7031
    7,    15,           7.3494,         0.073161,         0.033336,           5.5845,           4.1949,           3.7656
    7,    16,           3.6434,         0.036337,        0.0096232,           3.9357,           2.9356,           2.0312
    7,    17,           9.3542,          0.09336,         0.018206,           6.3085,           4.5129,           2.7812
    7,    18,           9.9572,         0.096333,          0.32396,           6.4082,           4.9839,            11.75
    7,    19,           5.8974,         0.055241,          0.37326,           4.8527,           4.0513,           12.609
    7,    20,           6.2903,         0.062238,         0.066431,           5.1508,           3.2127,           5.3281
    7,    21,           2.8243,         0.028164,        0.0078925,           3.4649,           2.7091,           1.8281
    7,    22,           2.9243,         0.029205,        0.0037446,           3.5284,            2.749,           1.2656
    7,    23,           4.5519,          0.04418,          0.13392,           4.3397,           3.3803,           7.5625
    7,    24,           11.619,          0.11455,          0.16349,           6.9879,           5.7394,           8.3438
    7,    25,           7.9263,         0.075199,          0.40639,           5.6618,           4.4274,           13.156
    8,     1,           6.5377,          0.06283,           0.2547,           5.1753,           3.9003,           10.422
    8,     2,           7.9978,         0.079747,         0.023135,           5.8305,           4.5658,           3.1406
    8,     3,           10.628,          0.10555,         0.073705,           6.7077,           5.1294,           5.6094
    8,     4,           4.6928,         0.045164,          0.17648,           4.3878,           3.6539,           8.6719
    8,     5,           5.3408,         0.052151,          0.12573,            4.715,           3.5954,           7.3281
    8,     6,           4.4622,          0.04452,         0.010284,           4.3564,           3.4193,           2.0938
    8,     7,           2.6094,         0.025813,         0.028116,           3.3172,           2.6556,           3.4688
    8,     8,           6.6363,         0.065231,          0.11317,           5.2732,           4.1236,           6.9531
    8,     9,           7.4536,         0.074138,         0.039824,           5.6217,           4.4079,            4.125
    8,    10,           7.1429,         0.071151,         0.027782,           5.5073,           4.3534,           3.4375
    8,    11,           6.0075,         0.056341,          0.37346,           4.9007,           3.7021,           12.625
    8,    12,           6.7906,         0.062519,          0.53868,           5.1624,            4.364,           15.156
    8,    13,           3.1139,         0.027489,          0.36501,           3.4231,           2.7125,           12.469
    8,    14,           5.7971,         0.056396,          0.15746,           4.9031,           3.5482,           8.1875
    8,    15,           6.8093,         0.068067,        0.0025435,           5.3866,           4.3402,           1.0469
    8,    16,           4.3712,         0.042958,         0.075441,           4.2793,           3.2867,           5.6719
    8,    17,            6.384,         0.062359,          0.14804,           5.1558,           3.7288,           7.9375
    8,    18,           8.2368,         0.081339,          0.10292,           5.8884,           4.3777,            6.625
    8,    19,           2.2945,         0.022741,         0.020315,           3.1136,           2.5196,           2.9375
    8,    20,           7.9011,         0.078779,         0.023148,            5.795,           4.8979,           3.1406
    8,    21,           10.182,          0.10149,         0.033082,           6.5775,           5.2699,             3.75
    8,    22,           5.2162,         0.051719,         0.044309,           4.6954,           3.6657,           4.3438
    8,    23,           8.0317,         0.080244,        0.0072811,           5.8486,           4.4456,           1.7656
    8,    24,           9.5225,          0.09509,         0.013517,           6.3667,           5.1953,           2.4062
    8,    25,           5.7175,         0.056929,         0.024659,           4.9262,           3.9205,           3.2344
    9,     1,           6.7354,         0.066336,          0.10185,           5.3177,           4.5211,           6.5938
    9,     2,           6.7672,          0.06536,          0.23112,           5.2784,           4.1014,           9.9219
    9,     3,           6.9054,         0.067786,          0.12681,           5.3755,           4.0605,           7.3594
    9,     4,            2.794,         0.027737,         0.020292,           3.4386,           2.6908,           2.9375
    9,     5,           3.0272,         0.030228,        0.0043973,           3.5897,           2.9694,            1.375
    9,     6,            3.224,         0.032047,         0.019327,           3.6961,           2.8241,            2.875
    9,     7,           10.481,          0.10312,          0.16862,           6.6301,           5.0186,           8.4844
    9,     8,           3.8819,           0.0379,         0.091867,           4.0195,           3.0794,           6.2656
    9,     9,           5.3753,          0.05229,          0.14627,           4.7213,           3.6735,           7.8906
    9,    10,           8.8456,         0.087263,          0.11929,           6.0991,           4.6826,            7.125
    9,    11,            6.051,         0.059547,         0.096335,           5.0382,           4.1605,           6.4062
    9,    12,           4.0718,         0.039841,         0.087736,           4.1211,           3.3795,           6.1094
    9,    13,            4.753,         0.047432,        0.0097956,           4.4966,           3.5613,           2.0469
    9,    14,           3.1248,         0.031248,       1.9089e-05,           3.6497,           2.5919,          0.09375
    9,    15,           2.8831,         0.028254,         0.057715,           3.4705,           2.7192,           4.9531
    9,    16,           10.952,          0.10766,          0.18588,           6.7745,           4.4818,           8.9062
    9,    17,           3.3429,         0.031241,          0.21887,           3.6493,           2.7442,           9.6562
    9,    18,           2.2616,         0.021928,         0.068792,           3.0574,           2.3374,           5.4219
    9,    19,           4.0291,          0.04026,        0.0030807,           4.1427,           3.3572,           1.1406
    9,    20,           2.6292,         0.026258,        0.0033541,           3.3457,           2.4412,           1.2031
    9,    21,           4.7518,         0.047236,         0.028163,           4.4873,           3.2811,           3.4688
    9,    22,           2.0858,         0.020278,         0.057982,           2.9401,           2.3683,           4.9688
    9,    23,            3.808,         0.036966,          0.11134,           3.9696,           3.2495,           6.8906
    9,    24,            4.716,         0.046595,         0.056473,           4.4568,           3.5583,           4.9062
    9,    25,           4.6311,         0.046024,         0.028768,           4.4293,           3.4061,              3.5
   10,     1,           2.5464,         0.025305,         0.015915,           3.2843,           2.6352,           2.6094
   10,     2,           2.2209,         0.022202,       0.00068905,           3.0764,           2.4246,          0.54688
   10,     3,           4.8038,         0.048008,        0.0030433,           4.5238,           3.2646,           1.1406
   10,     4,           3.0598,         0.030512,        0.0085512,           3.6065,           2.7666,           1.9062
   10,     5,            4.051,         0.040476,        0.0034573,           4.1538,           3.1155,           1.2188
   10,     6,           3.0109,         0.030087,         0.002255,           3.5813,           2.7301,          0.98438
   10,     7,           6.6978,         0.066495,         0.048256,           5.3241,           4.5202,           4.5312
   10,     8,           2.2211,         0.022082,         0.012833,           3.0681,           2.3738,           2.3438
   10,     9,            2.898,         0.028859,          0.01215,           3.5074,            2.811,           2.2812
   10,    10,           7.1861,         0.071474,         0.038693,           5.5198,           4.1683,           4.0625
   10,    11,           4.8507,         0.048503,       0.00035705,           4.5471,           3.4901,          0.39062
   10,    12,           1.6618,         0.016617,       0.00010457,           2.6615,           1.9839,          0.21875
   10,    13,           2.9585,         0.029481,         0.010413,            3.545,           2.5631,           2.1094
   10,    14,           1.7635,         0.017473,         0.016239,           2.7291,           2.1643,            2.625
   10,    15,           4.5629,         0.045407,         0.022272,           4.3995,           3.3653,           3.0781
   10,    16,           2.5385,         0.024123,          0.12626,           3.2067,           2.4168,           7.3438
   10,    17,           2.7709,         0.027026,          0.06833,           3.3942,            2.733,           5.3906
   10,    18,           2.9818,         0.029799,        0.0019685,           3.5641,           2.8118,          0.92188
   10,    19,           3.5125,         0.034961,         0.016429,           3.8605,           3.0063,           2.6406
   10,    20,           4.5842,         0.045127,         0.071509,            4.386,           3.2397,           5.5156
   10,    21,           1.8404,         0.017992,         0.041183,           2.7694,           2.2563,           4.1875
   10,    22,           4.4812,         0.044594,         0.021829,             4.36,           3.6298,           3.0469
   10,    23,           5.3605,         0.053602,       0.00032469,           4.7801,           3.6979,            0.375
   10,    24,           1.9987,          0.01995,        0.0037491,           2.9162,           2.3203,           1.2656
   10,    25,           4.6256,         0.046164,        0.0092622,           4.4361,           3.5024,           1.9844
   11,     1,           1.6789,          0.01653,         0.025845,           2.6545,           1.9551,           3.3125
   11,     2,           1.8672,         0.018439,         0.023355,           2.8036,             2.31,           3.1562
   11,     3,           2.4007,         0.023971,        0.0035441,           3.1966,            2.528,           1.2344
   11,     4,           2.6316,         0.026307,       0.00094613,           3.3487,           2.4439,          0.64062
   11,     5,           1.9594,         0.019524,        0.0069716,           2.8849,           2.2557,           1.7188
   11,     6,           2.5961,         0.025759,         0.020266,           3.3137,           2.4489,           2.9375
   11,     7,           6.0218,          0.05876,           0.1458,           5.0048,           3.6636,           7.8906
   11,     8,           2.2426,          0.02176,         0.066583,           3.0456,           2.4034,           5.3281
   11,     9,           6.3141,         0.062508,         0.063264,            5.162,           4.4202,           5.1875
   11,    10,           1.9384,         0.019365,        0.0018463,           2.8732,           2.3462,          0.89062
   11,    11,           3.2074,         0.032009,        0.0065127,           3.6939,           2.9122,           1.6719
   11,    12,           3.5384,         0.035379,       0.00043129,           3.8835,           3.0369,          0.42188
   11,    13,           1.6175,         0.016136,        0.0038552,           2.6227,           2.0486,           1.2812
   11,    14,           3.3458,         0.033434,        0.0024553,           3.7752,           3.0087,           1.0156
   11,    15,           2.8049,         0.027669,         0.038038,           3.4343,           2.7219,           4.0312
   11,    16,            1.429,         0.013987,          0.03032,           2.4418,           1.9376,           3.5938
   11,    17,           2.9597,         0.029227,         0.037032,           3.5297,           2.7497,           3.9688
   11,    18,            2.424,          0.02412,            0.012,           3.2065,            2.116,           2.2656
   11,    19,           3.8325,         0.037935,            0.039,           4.0213,           2.8985,           4.0781
   11,    20,           1.7339,         0.016791,         0.054842,           2.6754,           2.0101,           4.8281
   11,    21,           2.7304,         0.026843,         0.046121,           3.3827,           2.5005,           4.4375
   11,    22,            3.925,         0.039242,        0.0008365,             4.09,           3.1551,          0.59375
   11,    23,           1.9702,         0.019337,         0.036511,           2.8711,            2.303,           3.9375
   11,    24,           4.9947,         0.049326,         0.062168,           4.5855,           3.8082,           5.1406
   11,    25,           3.6173,         0.035865,          0.03084,             3.91,           2.9393,            3.625
   12,     1,           2.4697,         0.024618,        0.0078171,           3.2395,           2.4692,           1.8281
   12,     2,           2.2164,         0.021273,         0.089108,           3.0114,           2.4002,           6.1562
   12,     3,           4.3112,         0.041944,          0.11682,           4.2284,           3.1664,           7.0625
   12,     4,           1.4032,          0.01332,         0.071193,           2.3829,           1.8127,           5.5156
   12,     5,           1.8923,         0.018852,        0.0070958,           2.8348,           2.2788,           1.7344
   12,     6,           1.8238,         0.018151,        0.0087186,           2.7816,           2.3792,           1.9219
   12,     7,           3.5777,         0.035216,         0.056027,           3.8745,           3.1853,           4.8906
   12,     8,           4.1831,         0.040441,          0.13902,            4.152,           3.1152,           7.7031
   12,     9,           1.5373,         0.014587,         0.078553,           2.4936,           2.0163,           5.7812
   12,    10,           1.9486,         0.019019,         0.046644,           2.8474,           2.0959,           4.4531
   12,    11,           1.6737,         0.016524,         0.021311,           2.6541,           1.8534,           3.0156
   12,    12,           4.6432,          0.04622,         0.021227,           4.4388,           3.2387,           3.0156
   12,    13,           1.6267,         0.016267,       7.7073e-06,           2.6333,           2.0099,           0.0625
   12,    14,           4.3787,         0.043784,       0.00030421,           4.3202,            3.522,          0.35938
   12,    15,           6.1262,         0.060973,         0.028848,           5.0982,           3.9861,              3.5
   12,    16,           2.5756,         0.025687,        0.0069698,            3.309,           2.4843,           1.7188
   12,    17,           5.5513,         0.055513,       3.9541e-06,           4.8646,           3.9271,         0.046875
   12,    18,           3.2352,         0.031862,         0.048958,           3.6854,           3.0418,           4.5625
   12,    19,           1.6448,         0.014839,          0.16093,           2.5151,           2.0937,           8.2812
   12,    20,            5.791,         0.057297,         0.061327,           4.9421,           4.1872,           5.1094
   12,    21,           6.5576,         0.065558,        0.0017941,           5.2864,           4.3288,            0.875
   12,    22,           3.1274,         0.031194,        0.0080066,           3.6466,           2.8261,           1.8438
   12,    23,           4.0814,         0.040772,        0.0042534,            4.169,           3.5228,           1.3438
   12,    24,           2.9533,          0.02935,         0.018284,           3.5372,            2.808,           2.7969
   12,    25,           3.1016,         0.030689,         0.032651,           3.6169,             2.65,           3.7344
   13,     1,           3.7615,         0.037325,          0.02895,           3.9889,           3.2326,           3.5156
   13,     2,           4.0396,         0.040384,         0.001117,           4.1491,           3.5426,           0.6875
   13,     3,           5.2723,          0.05267,        0.0053146,           4.7384,           3.5732,              1.5
   13,     4,           2.9005,         0.028914,        0.0091422,           3.5107,           2.7368,           1.9688
   13,     5,           6.2982,         0.062848,          0.01341,            5.176,           4.5943,           2.3906
   13,     6,           2.9644,          0.02825,          0.13936,           3.4702,           2.6432,           7.7031
   13,     7,           4.5117,         0.044173,         0.094324,           4.3394,           3.1332,           6.3438
   13,     8,            1.474,         0.014739,       6.7023e-05,           2.5066,           1.7791,          0.17188
   13,     9,           4.2159,         0.040307,          0.18526,           4.1451,             3.15,           8.8906
   13,    10,           5.0073,         0.047652,          0.24208,            4.507,           3.8414,           10.156
   13,    11,           3.3846,         0.032532,          0.13141,            3.724,            2.736,           7.4844
   13,    12,           6.3583,         0.063535,        0.0047772,           5.2042,           3.8717,           1.4219
   13,    13,           4.8136,         0.046974,          0.11613,           4.4748,           3.4863,           7.0312
   13,    14,           2.8161,         0.026096,          0.20648,           3.3353,           2.2134,            9.375
   13,    15,           7.1198,         0.069997,          0.12007,           5.4625,           4.0211,           7.1562
   13,    16,           4.5738,         0.045203,          0.05353,           4.3896,           3.3575,           4.7812
   13,    17,           1.5699,         0.015669,        0.0029973,           2.5845,           2.0511,            1.125
   13,    18,           3.7415,         0.037189,         0.022568,           3.9816,           3.3146,           3.1094
   13,    19,           3.1651,         0.031438,         0.021329,           3.6608,           3.0357,           3.0156
   13,    20,            4.367,         0.043349,         0.032042,           4.2987,           3.3526,           3.7031
   13,    21,           3.2737,         0.032166,         0.057103,           3.7029,           2.9412,           4.9375
   13,    22,           5.2461,         0.051643,         0.081844,            4.692,           3.7089,           5.9062
   13,    23,           2.7817,         0.027319,         0.049775,           3.4126,           2.4886,           4.6094
   13,    24,           3.0192,         0.029912,         0.027977,           3.5708,            2.665,           3.4531
   13,    25,           2.7226,         0.027185,        0.0040685,           3.4042,           2.8397,           1.3125
   14,     1,           3.1014,         0.031008,        0.0005512,           3.6357,           2.9137,          0.48438
   14,     2,           5.5542,          0.05532,         0.022229,           4.8561,           4.2015,           3.0781
   14,     3,           2.9828,         0.028256,          0.15717,           3.4706,           2.9477,           8.1875
   14,     4,           2.9204,         0.027374,          0.18302,            3.416,           2.7099,           8.8281
   14,     5,           3.1087,         0.030452,         0.063491,           3.6029,           2.8901,           5.2031
   14,     6,           2.2296,         0.022067,         0.022969,            3.067,           2.2466,            3.125
   14,     7,           2.3722,         0.023541,         0.018125,           3.1678,           2.2934,           2.7812
   14,     8,           2.0948,         0.019717,          0.12309,           2.8992,           2.2254,             7.25
   14,     9,           2.5119,         0.023208,          0.19113,           3.1453,           2.3701,           9.0312
   14,    10,           1.5247,         0.014064,          0.11837,           2.4485,           2.0067,           7.1094
   14,    11,           1.9641,         0.019266,         0.037562,           2.8658,           2.2151,                4
   14,    12,           3.0853,         0.030745,          0.01074,           3.6203,           2.6132,           2.1406
   14,    13,           2.8285,         0.028083,         0.020197,             3.46,           2.5014,           2.9375
   14,    14,           1.3107,         0.012997,         0.011017,           2.3538,           1.7797,           2.1719
   14,    15,           3.7474,          0.03735,         0.012373,           3.9902,            3.315,           2.2969
   14,    16,           3.2617,         0.032612,       0.00050693,           3.7285,           2.9047,          0.46875
   14,    17,           3.4557,         0.034557,       3.8973e-05,           3.8381,           2.9275,            0.125
   14,    18,           3.3834,         0.033558,          0.02765,           3.7822,           3.0207,           3.4375
   14,    19,           3.4375,         0.032615,          0.17597,           3.7287,           2.7835,           8.6562
   14,    20,           3.1975,         0.028399,          0.35759,           3.4794,           2.5646,           12.344
   14,    21,           5.5708,         0.054232,          0.14755,           4.8081,            3.441,           7.9375
   14,    22,           5.9445,         0.059338,         0.010721,           5.0294,           3.8602,           2.1406
   14,    23,           3.8138,         0.036698,          0.14394,           3.9552,           2.6639,           7.8281
   14,    24,           3.1377,         0.026707,          0.46695,           3.3741,           2.8482,           14.109
   14,    25,           4.6221,         0.041792,          0.44288,           4.2208,           3.6198,           13.734
   15,     1,            1.994,         0.018726,           0.1214,           2.8253,           2.3951,           7.1875
   15,     2,           3.6631,         0.036496,         0.013487,           3.9443,           3.1806,           2.3906
   15,     3,           4.3873,          0.04372,         0.015334,           4.3171,           3.5877,           2.5625
   15,     4,           2.4626,         0.023615,          0.10116,           3.1728,           2.4694,           6.5625
   15,     5,            3.658,         0.035552,          0.10274,            3.893,           2.9915,            6.625
   15,     6,           5.9857,          0.05941,         0.044674,           5.0324,           3.8995,           4.3594
   15,     7,           4.0083,         0.040044,        0.0039006,           4.1316,           3.3425,           1.2969
   15,     8,           4.8044,         0.047964,        0.0079395,           4.5218,           3.5981,           1.8438
   15,     9,           5.8842,         0.058842,       5.8397e-05,           5.0083,           3.4275,          0.15625
   15,    10,           3.2893,         0.032862,        0.0031657,           3.7428,           3.0145,           1.1562
   15,    11,           2.1414,         0.021269,         0.014483,           3.0111,           2.1087,           2.4844
   15,    12,           10.625,          0.10625,       0.00014387,           6.7299,           5.4675,             0.25
   15,    13,           3.7394,         0.037277,         0.011667,           3.9863,           3.1781,           2.2344
   15,    14,           4.1518,         0.041474,        0.0044149,           4.2047,           3.5486,            1.375
   15,    15,           4.6159,          0.04615,       0.00084482,           4.4354,           3.2445,          0.59375
   15,    16,           5.1968,         0.051941,        0.0026901,           4.7055,           3.5093,           1.0781
   15,    17,           6.0449,         0.060197,         0.025198,           5.0657,           3.8745,           3.2812
   15,    18,           2.5743,         0.025727,        0.0015979,           3.3117,           2.6891,          0.82812
   15,    19,           1.1288,         0.010976,         0.031159,           2.1631,            1.741,           3.6406
   15,    20,           3.9054,         0.037974,          0.10803,           4.0234,           3.3806,           6.7812
   15,    21,           1.8965,         0.018069,         0.089642,           2.7753,           2.2043,           6.1875
   15,    22,            1.831,         0.017388,         0.092205,           2.7226,           2.0239,           6.2656
   15,    23,           3.4494,         0.034114,         0.037973,           3.8134,           2.7092,           4.0156
   15,    24,            3.014,         0.030135,       0.00054933,           3.5841,           3.0298,          0.48438
   15,    25,             3.26,         0.032266,         0.033408,           3.7087,           2.8476,           3.7812
   16,     1,           2.8449,         0.027183,          0.12659,           3.4041,             2.72,           7.3438
   16,     2,           2.4611,         0.022284,          0.23263,           3.0821,           2.2234,           9.9531
   16,     3,           1.5658,         0.013918,          0.17401,           2.4358,            1.891,           8.6094
   16,     4,           1.8166,         0.017247,         0.091921,           2.7114,           1.9389,           6.2656
   16,     5,           3.2683,          0.03268,       0.00035231,           3.7324,           2.8411,          0.39062
   16,     6,           3.0848,          0.03069,         0.015757,            3.617,           2.9898,           2.5938
   16,     7,            3.106,         0.029517,          0.15426,           3.5472,            2.922,           8.1094
   16,     8,           2.4982,          0.02397,          0.10121,           3.1966,           2.7082,           6.5625
   16,     9,           2.2655,         0.022273,         0.038218,           3.0813,           2.1229,           4.0312
   16,    10,           1.7387,         0.017235,         0.015268,           2.7105,           2.2829,           2.5469
   16,    11,           2.5827,         0.025805,        0.0022188,           3.3167,            2.638,          0.96875
   16,    12,           3.0304,         0.030167,         0.013632,           3.5861,           2.8531,           2.4062
   16,    13,           2.9093,         0.028794,         0.029929,           3.5035,           2.5317,           3.5781
   16,    14,           1.8583,         0.018244,         0.033805,           2.7888,           2.3207,           3.7969
   16,    15,           1.5781,         0.015772,       0.00084096,           2.5929,           2.0218,          0.59375
   16,    16,           1.2513,         0.012502,        0.0010472,           2.3086,           1.7955,          0.67188
   16,    17,           2.3242,         0.023227,        0.0014244,           3.1467,           2.7329,          0.78125
   16,    18,           1.7477,         0.017399,        0.0078069,           2.7234,            2.041,           1.8281
   16,    19,           4.6265,         0.045973,         0.029202,           4.4269,           3.2263,           3.5312
   16,    20,           3.2073,         0.031441,         0.063201,           3.6609,           2.8895,           5.1875
   16,    21,           6.1587,         0.059202,          0.23849,           5.0236,            4.161,           10.078
   16,    22,           3.7524,         0.036346,          0.11775,           3.9362,             3.27,           7.0781
   16,    23,           2.4539,         0.024194,         0.034559,           3.2114,           2.4526,           3.8438
   16,    24,           1.3698,          0.01361,        0.0087882,           2.4087,           2.0248,           1.9375
   16,    25,           2.4808,         0.024631,         0.017677,           3.2403,           2.3014,             2.75
   17,     1,           2.5702,         0.025297,         0.040503,           3.2839,           2.4022,           4.1562
   17,     2,           1.2816,         0.012666,         0.014996,           2.3236,           1.8333,           2.5312
   17,     3,           2.8907,         0.028767,         0.014023,           3.5018,           2.9096,           2.4375
   17,     4,          0.99514,         0.009627,          0.03244,           2.0258,            1.542,           3.7188
   17,     5,           1.4586,         0.014456,         0.013017,           2.4824,           1.9442,           2.3594
   17,     6,            1.402,         0.013802,         0.021814,           2.4256,           2.0388,           3.0469
   17,     7,           2.4887,         0.024666,         0.022122,           3.2426,            2.296,           3.0781
   17,     8,           1.7424,         0.017176,         0.024763,           2.7059,           2.0888,             3.25
   17,     9,           2.2037,         0.022035,       0.00026185,           3.0648,           2.4355,          0.32812
   17,    10,           1.2386,         0.012278,         0.010808,           2.2878,           1.7377,           2.1406
   17,    11,           1.5618,         0.015066,         0.055151,           2.5343,            1.988,           4.8438
   17,    12,            1.092,         0.010424,         0.049534,            2.108,           1.6197,           4.5938
   17,    13,           1.9134,         0.018957,         0.017709,           2.8427,           1.8993,             2.75
   17,    14,           1.7872,         0.017828,        0.0044025,           2.7568,           2.0882,            1.375
   17,    15,            1.391,         0.013899,        0.0010873,           2.4341,           1.9489,           0.6875
   17,    16,           1.2598,         0.012568,        0.0029568,           2.3147,            1.944,            1.125
   17,    17,           3.3301,         0.033298,        0.0003529,           3.7675,           3.1171,          0.39062
   17,    18,           1.6855,         0.016822,        0.0032683,           2.6779,           1.9996,           1.1875
   17,    19,           2.7295,         0.027195,        0.0099995,           3.4048,            2.752,           2.0625
   17,    20,           2.6372,         0.026357,        0.0015103,           3.3519,           2.4734,          0.79688
   17,    21,           2.5306,         0.025296,        0.0010075,           3.2838,           2.4621,          0.65625
   17,    22,           4.3458,         0.043264,         0.019375,           4.2945,           3.1512,            2.875
   17,    23,           2.6559,         0.026498,        0.0061516,           3.3609,           2.5389,            1.625
   17,    24,           2.3205,         0.022916,         0.028829,           3.1255,           2.4245,              3.5
   17,    25,           5.0719,         0.050417,         0.030194,           4.6359,           3.8905,           3.5938
   18,     1,          0.70336,        0.0069361,        0.0097501,           1.7195,           1.3626,           2.0312
   18,     2,           2.2663,         0.022594,        0.0068894,           3.1035,            2.192,           1.7188
   18,     3,           1.5682,         0.015486,         0.019561,           2.5693,            2.173,           2.8906
   18,     4,           2.7453,         0.027156,         0.029756,           3.4024,           2.7295,           3.5625
   18,     5,           2.1306,          0.02072,         0.058583,            2.972,            2.047,                5
   18,     6,           3.8619,         0.038618,       8.5419e-05,           4.0573,           2.8876,           0.1875
   18,     7,           2.9368,         0.029351,        0.0017526,           3.5372,           2.5858,          0.85938
   18,     8,           2.3244,         0.022589,         0.065518,           3.1031,           2.2352,           5.2812
   18,     9,           2.0329,         0.019752,         0.057705,           2.9017,           2.3074,           4.9531
   18,    10,           2.7548,         0.026904,         0.064403,           3.3865,           2.6968,           5.2344
   18,    11,           1.9849,         0.019849,       6.3059e-06,           2.9088,           2.3158,         0.046875
   18,    12,           1.5215,         0.014704,         0.051059,           2.5036,           2.0415,           4.6719
   18,    13,           2.7992,         0.027446,         0.054604,           3.4205,           2.3968,           4.8281
   18,    14,           3.7389,         0.037013,         0.037521,           3.9722,           3.3733,                4
   18,    15,           1.4301,         0.014137,         0.016359,           2.4549,           2.0634,           2.6406
   18,    16,          0.96979,         0.009651,        0.0046939,           2.0283,           1.5714,           1.4219
   18,    17,           2.1091,         0.020949,         0.014194,           2.9883,           2.3887,           2.4531
   18,    18,           2.0953,         0.020776,          0.01765,            2.976,           2.3961,             2.75
   18,    19,           1.0972,         0.010748,         0.022449,           2.1405,           1.6336,           3.0938
   18,    20,           5.0366,         0.049727,         0.063889,           4.6041,           3.9531,           5.2188
   18,    21,           1.3686,         0.013671,         0.001429,           2.4141,           1.8774,          0.78125
   18,    22,           1.4254,         0.014233,        0.0021043,           2.4632,            1.976,          0.95312
   18,    23,           1.4318,         0.014129,         0.018922,           2.4541,           2.0425,           2.8438
   18,    24,           1.7138,         0.016633,         0.050591,           2.6627,           1.9894,           4.6406
   18,    25,           1.5139,         0.014222,         0.091789,           2.4622,           2.0484,             6.25
   19,     1,           1.5221,         0.014677,         0.054415,           2.5013,           2.0196,           4.8125
   19,     2,            1.275,         0.012462,         0.028727,           2.3049,            1.558,              3.5
   19,     3,           1.9775,          0.01977,       0.00052154,            2.903,           2.0871,          0.46875
   19,     4,           3.9382,         0.039119,         0.026262,           4.0836,           3.0454,           3.3438
   19,     5,           2.6904,         0.026493,         0.041033,           3.3606,           2.6975,           4.1875
   19,     6,           2.2142,         0.021207,         0.093426,           3.0067,            2.178,           6.3125
   19,     7,           1.2714,         0.012124,          0.05899,           2.2734,           1.6042,           5.0156
   19,     8,           1.0729,         0.010047,          0.06818,           2.0695,           1.5523,           5.3906
   19,     9,           1.4677,         0.014533,         0.014371,            2.489,           1.8418,           2.4688
   19,    10,           2.2777,         0.022633,         0.014433,           3.1061,           2.3106,           2.4844
   19,    11,           2.6043,         0.025964,        0.0078934,           3.3269,           2.4574,           1.8281
   19,    12,          0.79323,        0.0078917,        0.0040566,           1.8341,           1.4493,           1.3125
   19,    13,           2.4502,         0.023992,         0.051015,            3.198,           2.6781,           4.6562
   19,    14,           2.1796,         0.021747,        0.0048303,           3.0447,           2.2767,           1.4375
   19,    15,           4.6536,         0.046495,        0.0041236,            4.452,            3.842,           1.3281
   19,    16,           3.3496,         0.032186,          0.13099,           3.7041,           3.1298,           7.4688
   19,    17,           1.5964,         0.014299,          0.16643,           2.4689,           1.9834,           8.4219
   19,    18,           1.1987,          0.01037,          0.16167,           2.1025,           1.5824,           8.2969
   19,    19,          0.95233,        0.0090354,         0.048782,           1.9626,           1.5629,           4.5625
   19,    20,           2.0689,         0.020668,        0.0021258,           2.9682,           2.3304,          0.95312
   19,    21,            1.533,         0.015036,         0.029392,           2.5318,           2.0171,           3.5469
   19,    22,           1.4665,         0.014413,         0.025127,           2.4787,           1.9809,           3.2656
   19,    23,            1.552,           0.0155,        0.0020228,           2.5705,           2.1149,          0.92188
   19,    24,           1.3409,         0.013406,       0.00033945,           2.3906,           1.9533,            0.375
   19,    25,           2.0155,         0.020097,        0.0058279,           2.9269,           2.3033,           1.5781
   20,     1,             2.21,          0.02171,          0.03898,           3.0421,           2.4172,           4.0781
   20,     2,           1.6257,         0.016254,        0.0003549,           2.6322,           1.8285,          0.39062
   20,     3,           2.1309,         0.021306,        0.0002826,           3.0137,           2.2579,          0.34375
   20,     4,            1.466,         0.014492,         0.016821,           2.4854,           1.8146,           2.6719
   20,     5,            1.339,         0.013167,         0.022302,           2.3691,           2.0238,           3.0781
   20,     6,          0.96448,        0.0094907,         0.015405,           2.0114,           1.6031,           2.5625
   20,     7,           1.9438,         0.019405,         0.003288,           2.8761,            1.956,           1.1875
   20,     8,           1.2332,         0.012332,       5.5005e-05,           2.2928,           1.9083,          0.15625
   20,     9,            1.419,         0.014172,        0.0018469,           2.4579,           2.0236,          0.89062
   20,    10,           1.8768,         0.018628,         0.013969,            2.818,           2.2237,           2.4375
   20,    11,           1.3575,         0.013566,       0.00094039,           2.4048,           1.8929,          0.64062
   20,    12,           1.1625,         0.011611,        0.0014526,           2.2247,           1.8295,          0.78125
   20,    13,           4.0273,          0.04016,         0.011335,           4.1375,           3.0681,           2.2031
   20,    14,          0.84644,        0.0084564,       0.00079197,           1.8986,            1.411,          0.57812
   20,    15,           3.2852,         0.032852,       4.4885e-05,           3.7422,           2.8814,          0.14062
   20,    16,           1.9424,         0.019423,       4.2206e-05,           2.8775,           2.2136,          0.14062
   20,    17,           1.2602,         0.012439,          0.01627,           2.3027,            1.876,           2.6406
   20,    18,           2.4651,         0.024444,          0.02071,            3.228,           2.3466,           2.9688
   20,    19,           1.5844,         0.015844,        2.982e-05,           2.5988,           1.9278,          0.10938
   20,    20,          0.65878,        0.0062929,         0.029494,           1.6378,           1.3166,           3.5469
   20,    21,           2.5055,         0.023724,          0.13312,           3.1801,           2.4858,           7.5312
   20,    22,            1.984,          0.01926,          0.05806,           2.8653,           2.1598,           4.9688
   20,    23,           4.9386,         0.049243,         0.014204,           4.5817,           4.0785,           2.4531
   20,    24,           2.3961,         0.023698,         0.026287,           3.1784,           2.2893,           3.3438
   20,    25,           2.7201,         0.026138,          0.10628,            3.338,           2.5983,           6.7344
   21,     1,            3.887,         0.038434,         0.043594,           4.0477,           3.0192,           4.3125
   21,     2,           1.2412,         0.011995,         0.041701,           2.2613,            1.587,           4.2188
   21,     3,           1.3346,         0.013343,       0.00035179,           2.3849,           1.8975,          0.39062
   21,     4,           2.3243,         0.023073,          0.01704,           3.1362,           2.4943,           2.6875
   21,     5,           3.6502,         0.036149,         0.035237,           3.9255,           3.2362,            3.875
   21,     6,           1.9154,         0.018955,         0.019932,           2.8426,           2.2457,           2.9219
   21,     7,           2.8729,         0.028723,       0.00057894,           3.4992,           2.9321,              0.5
   21,     8,           1.2121,         0.011878,         0.024345,           2.2502,           1.7211,           3.2188
   21,     9,           1.8403,          0.01819,         0.021259,           2.7846,           2.3098,           3.0156
   21,    10,           2.7293,         0.027233,        0.0059627,           3.4072,           2.8185,           1.5938
   21,    11,           2.2796,         0.022579,         0.021707,           3.1024,           2.5472,           3.0469
   21,    12,           3.5732,         0.035636,        0.0096152,           3.8975,           3.1396,           2.0312
   21,    13,          0.85619,        0.0085489,        0.0012964,            1.909,           1.5581,             0.75
   21,    14,           5.0635,         0.048723,           0.1912,           4.5574,           3.9981,           9.0312
   21,    15,           2.1052,         0.019027,          0.20254,            2.848,           2.4859,           9.2969
   21,    16,           1.5387,         0.013598,          0.17889,           2.4076,           1.8938,           8.7344
   21,    17,           1.8802,         0.018665,         0.013722,           2.8207,           2.0567,           2.4219
   21,    18,           2.1786,         0.021567,         0.021919,           3.0321,           2.2727,           3.0625
   21,    19,           1.0757,        0.0097475,          0.10095,           2.0384,            1.625,           6.5625
   21,    20,           1.2135,         0.011056,          0.10792,           2.1709,           1.8047,           6.7812
   21,    21,           2.1318,         0.020562,         0.075604,           2.9606,           2.1235,           5.6719
   21,    22,            1.819,         0.018127,        0.0062931,           2.7798,           2.2274,           1.6406
   21,    23,           1.9867,         0.019864,       0.00028687,           2.9099,           2.1426,          0.34375
   21,    24,           1.5646,         0.015613,        0.0032519,           2.5799,           2.1494,           1.1719
   21,    25,           2.3912,          0.02383,        0.0082107,           3.1872,           2.6074,            1.875
   22,     1,           2.1126,          0.02112,       0.00060761,           3.0005,           2.2769,          0.51562
   22,     2,           1.8112,         0.017923,         0.018889,           2.7641,           2.2122,           2.8438
   22,     3,           2.3053,         0.022985,        0.0068199,           3.1302,           2.3202,           1.7031
   22,     4,           1.4657,         0.014457,         0.019963,           2.4825,           1.9519,           2.9219
   22,     5,           3.3614,         0.032469,          0.11448,           3.7203,           3.1088,           6.9844
   22,     6,           1.2537,         0.011801,         0.073565,           2.2429,            1.785,           5.5938
   22,     7,           4.6701,         0.046692,       0.00089155,           4.4614,           3.7513,          0.60938
   22,     8,           1.3012,         0.012568,          0.04437,           2.3146,           1.7193,           4.3438
   22,     9,           1.3075,         0.011748,          0.13273,           2.2378,           1.6823,           7.5156
   22,    10,           1.0641,        0.0093069,          0.13345,           1.9918,           1.6477,           7.5469
   22,    11,           2.1805,         0.020816,         0.098928,           2.9788,           2.3264,              6.5
   22,    12,           1.5659,         0.015531,         0.012797,           2.5731,           2.2813,           2.3281
   22,    13,           1.5624,          0.01561,         0.001428,           2.5796,           2.0526,          0.78125
   22,    14,            1.398,         0.013744,         0.023585,           2.4205,           1.9879,           3.1719
   22,    15,           3.8385,         0.038359,        0.0026607,           4.0437,           3.0825,           1.0625
   22,    16,           1.3043,         0.013042,       0.00017977,           2.3578,           1.8059,          0.28125
   22,    17,           1.2354,           0.0123,        0.0053583,           2.2898,           1.9167,           1.5156
   22,    18,           2.2912,         0.022644,         0.026771,           3.1069,           2.3773,            3.375
   22,    19,           2.0384,         0.020383,       0.00014645,           2.9477,           2.3891,             0.25
   22,    20,           2.3186,         0.022972,          0.02145,           3.1293,            2.325,           3.0312
   22,    21,           2.3287,         0.023025,         0.026181,           3.1329,           2.5881,           3.3438
   22,    22,          0.95053,        0.0091359,         0.036945,           1.9734,             1.44,           3.9688
   22,    23,           2.3477,         0.023349,         0.012783,           3.1549,           2.3765,           2.3281
   22,    24,           1.0243,         0.010189,        0.0054623,           2.0841,           1.5926,           1.5312
   22,    25,           2.6236,          0.02623,       0.00058807,           3.3438,           2.7671,              0.5
   23,     1,          0.63941,        0.0062838,         0.011027,           1.6367,           1.2236,           2.1719
   23,     2,           1.9381,         0.019366,        0.0015189,           2.8732,           2.2677,          0.79688
   23,     3,           3.7059,         0.036886,          0.01728,           3.9653,           3.0292,           2.7188
   23,     4,           2.1481,         0.021053,         0.042849,           2.9957,            2.417,           4.2812
   23,     5,          0.85565,        0.0081664,         0.039011,           1.8658,           1.5452,           4.0781
   23,     6,           1.2392,         0.012244,         0.014805,           2.2846,           1.8497,           2.5156
   23,     7,           1.7389,         0.017383,       0.00062184,           2.7221,           2.1607,          0.51562
   23,     8,           1.6372,         0.015944,         0.042786,            2.607,           2.1533,           4.2656
   23,     9,           2.3439,         0.023343,        0.0095437,           3.1545,           2.4981,           2.0156
   23,    10,          0.85878,        0.0085203,        0.0067513,           1.9058,           1.5105,           1.7031
   23,    11,            2.213,          0.02199,         0.014025,           3.0617,            2.428,           2.4375
   23,    12,           1.3426,         0.013194,         0.023126,           2.3716,           1.7713,           3.1406
   23,    13,           1.4097,          0.01404,        0.0057047,           2.4464,           2.0492,           1.5625
   23,    14,           2.9473,         0.029446,        0.0027849,           3.5429,            2.968,           1.0938
   23,    15,            2.419,         0.024084,         0.010616,           3.2041,           2.4165,            2.125
   23,    16,           1.4403,         0.014191,         0.021198,           2.4596,           1.7784,                3
   23,    17,           1.0054,        0.0099733,        0.0081148,           2.0619,           1.5364,           1.8594
   23,    18,           2.0902,         0.020309,         0.059315,           2.9423,           2.1743,           5.0312
   23,    19,          0.89257,        0.0086864,          0.02393,           1.9243,           1.4881,           3.1875
   23,    20,           1.1221,         0.011211,       0.00099029,           2.1861,           1.7535,          0.65625
   23,    21,           1.9796,         0.019788,        0.0008165,           2.9044,           2.2562,          0.59375
   23,    22,           4.5986,         0.045935,        0.0050451,           4.4251,           3.8683,           1.4688
   23,    23,          0.99941,        0.0099548,        0.0039249,             2.06,           1.5996,           1.2969
   23,    24,           1.5031,          0.01503,       2.2942e-05,           2.5312,           1.9494,          0.09375
   23,    25,           1.1421,         0.011392,         0.002845,           2.2037,           1.6557,           1.0938
   24,     1,          0.90579,        0.0089998,        0.0058094,           1.9587,           1.4619,           1.5781
   24,     2,           1.9343,         0.019047,         0.029576,           2.8494,           2.0917,           3.5469
   24,     3,           1.2512,         0.011513,         0.099916,           2.2153,           1.7079,           6.5312
   24,     4,           1.2497,         0.012103,         0.039366,           2.2714,           1.7384,           4.0938
   24,     5,           4.2694,         0.042644,        0.0050044,           4.2636,           3.6249,           1.4531
   24,     6,           2.2423,         0.022016,         0.040765,           3.0635,            2.214,           4.1719
   24,     7,           1.8518,         0.017777,         0.074134,           2.7528,           2.1836,            5.625
   24,     8,           3.5462,         0.034983,         0.047874,           3.8617,           3.0325,           4.5156
   24,     9,           2.1524,         0.021483,        0.0041306,           3.0262,           2.4761,           1.3281
   24,    10,          0.95692,        0.0093327,         0.023646,           1.9946,           1.5726,           3.1719
   24,    11,           1.5966,         0.015416,         0.055006,           2.5635,           2.1087,           4.8438
   24,    12,           2.0949,         0.020603,         0.034582,           2.9636,           2.2961,           3.8438
   24,    13,           1.8484,         0.018483,       0.00011581,           2.8069,           2.2966,          0.21875
   24,    14,          0.60231,        0.0059975,        0.0025572,           1.5989,           1.1677,           1.0469
   24,    15,           1.5666,         0.015338,         0.032808,            2.557,           1.9752,           3.7344
   24,    16,          0.96353,        0.0093476,         0.028768,           1.9962,           1.5353,              3.5
   24,    17,            1.735,         0.017052,           0.0298,           2.6961,           2.1573,           3.5625
   24,    18,           2.2403,         0.022248,         0.015463,           3.0796,           2.5732,           2.5625
   24,    19,           1.8107,         0.017967,         0.013977,           2.7675,           2.1397,           2.4375
   24,    20,           1.5728,         0.015708,         0.002046,           2.5877,           2.0068,           0.9375
   24,    21,          0.96742,        0.0096263,        0.0047902,           2.0257,           1.5814,           1.4219
   24,    22,           3.4062,         0.034056,       0.00060072,           3.8102,           2.8666,              0.5
   24,    23,          0.99952,        0.0096948,         0.030037,           2.0329,           1.6211,           3.5781
   24,    24,           1.5475,          0.01503,         0.044561,           2.5312,           2.1927,           4.3594
   24,    25,           1.2038,         0.011573,         0.046486,           2.2211,           1.7044,           4.4531
   25,     1,           2.1795,         0.021733,        0.0061923,           3.0438,           2.3072,            1.625
   25,     2,          0.96513,        0.0096461,       0.00051868,           2.0278,           1.6144,          0.46875
   25,     3,           2.3976,          0.02326,         0.071597,           3.1489,           2.5348,           5.5312
   25,     4,           1.8299,         0.017724,         0.057444,           2.7487,           2.1305,           4.9531
   25,     5,           1.3238,         0.012904,         0.033399,           2.3454,            1.881,           3.7656
   25,     6,           2.7802,         0.027764,        0.0038391,           3.4402,           2.8112,           1.2812
   25,     7,           4.1087,         0.041082,       0.00053724,           4.1848,           3.5689,          0.48438
   25,     8,            1.443,         0.014108,         0.032191,           2.4524,           1.8683,           3.7031
   25,     9,           2.8363,         0.027879,         0.048363,           3.4474,           2.7552,           4.5469
   25,    10,           1.9961,         0.019575,         0.038635,           2.8887,           2.1196,           4.0625
   25,    11,            1.331,          0.01284,         0.047036,           2.3395,           1.9308,           4.4844
   25,    12,           1.7533,         0.017507,        0.0026291,           2.7318,            2.135,           1.0625
   25,    13,           2.5286,          0.02525,        0.0035708,           3.2808,           2.7448,           1.2344
   25,    14,           1.1017,         0.010965,        0.0051328,            2.162,           1.5156,           1.4844
   25,    15,           3.5325,         0.035288,        0.0037409,           3.8785,           3.0212,           1.2656
   25,    16,           2.5641,         0.025629,        0.0011718,           3.3053,           2.6809,          0.70312
   25,    17,           1.2487,         0.012056,         0.043017,            2.267,           1.6783,           4.2812
   25,    18,           2.1299,         0.019425,          0.18741,           2.8776,           2.1401,           8.9375
   25,    19,          0.94483,         0.008199,          0.12493,           1.8695,           1.5221,           7.2969
   25,    20,           1.0412,        0.0099958,         0.041617,           2.0642,           1.7377,           4.2188
   25,    21,           1.0161,         0.010146,        0.0015594,           2.0796,            1.775,           0.8125
   25,    22,           1.8478,          0.01843,        0.0048391,           2.8029,           2.1363,           1.4375
   25,    23,          0.83164,        0.0082038,         0.011262,           1.8701,           1.4875,           2.1875
   25,    24,           2.1169,         0.021033,         0.013547,           2.9944,           2.4534,           2.4062
   25,    25,           1.5857,         0.015626,         0.023066,           2.5809,           1.8909,           3.1406
